<?xml version="1.0" encoding="utf-8"?>
<flashfile version="1">
    <id>system</id>
    <platform>redhookbay</platform>
    <gpflag>
        <value>0x80000045</value>
    </gpflag>
        <code_group name="FIRMWARE">
            <file TYPE="IFWI">
                <name>clvp_ifwi_patch_production.bin</name>
                <version>clvp_ifwi_patch_production</version>
            </file>
            <file TYPE="FW_DNX">
                <name>AZ2_FW_DnX_20.28_CWAK_signed.bin</name>
                <version>IFWI_F9.DB_CWAK</version>
            </file>
            <file TYPE="OS_DNX">
                <name>AZ2_OS_DnX_20.28_CWAK_signed.bin</name>
                <version>IFWI_F9.DB_CWAK</version>
            </file>
            <file TYPE="SOFTFUSE">
                <name>AZ2_Soft_Fuse_CWAK_signed.bin</name>
                <version>IFWI_F9.DB_CWAK</version>
            </file></code_group>
        <code_group name="FASTBOOT">
            <file TYPE="FASTBOOT">
                <name>droidboot.img</name>
                <version>eng.svnadmin</version>
            </file></code_group>
        <code_group name="SYSTEM">
            <file TYPE="SYSTEM">
                <name>system.img.gz</name>
                <version>eng.svnadmin</version>
            </file></code_group>
        <code_group name="KERNEL">
            <file TYPE="KERNEL">
                <name>boot.bin</name>
                <version>eng.svnadmin</version>
            </file></code_group>
        <code_group name="RECOVERY">
            <file TYPE="RECOVERY">
                <name>recovery.img</name>
                <version>eng.svnadmin</version>
            </file></code_group>
        <code_group name="LOGO">
            <file TYPE="LOGO">
                <name>logo.img</name>
                <version>eng.svnadmin</version>
            </file></code_group>
        <code_group name="BOOTLOADER">
            <file TYPE="KBOOT">
                <name>droidboot.img.POS.bin</name>
                <version>eng.svnadmin</version>
            </file></code_group>
        <code_group name="CONFIG">
            <file TYPE="PARTITION_TABLE">
                <name>partition.tbl</name>
                <version>eng.svnadmin</version>
            </file></code_group>
        <command>
            <string>fastboot oem start_partitioning</string>
            <timeout>60000</timeout>
            <retry>2</retry>
            <description>Start partitioning</description>
        </command>
        <command>
            <string>fastboot flash /tmp/partition.tbl $partition_table_file</string>
            <timeout>60000</timeout>
            <retry>2</retry>
            <description>Push partition table on device</description>
        </command>
        <command>
            <string>fastboot oem partition /tmp/partition.tbl</string>
            <timeout>60000</timeout>
            <retry>2</retry>
            <description>Apply partition on device</description>
        </command>
        <command>
            <string>fastboot erase factory</string>
            <timeout>60000</timeout>
            <retry>2</retry>
            <description>erase factory partition</description>
        </command>
        <command>
            <string>fastboot erase system</string>
            <timeout>60000</timeout>
            <retry>2</retry>
            <description>erase system partition</description>
        </command>
        <command>
            <string>fastboot erase cache</string>
            <timeout>60000</timeout>
            <retry>2</retry>
            <description>erase cache partition</description>
        </command>
        <command>
            <string>fastboot erase config</string>
            <timeout>60000</timeout>
            <retry>2</retry>
            <description>erase config partition</description>
        </command>
        <command>
            <string>fastboot erase logs</string>
            <timeout>60000</timeout>
            <retry>2</retry>
            <description>erase logs partition</description>
        </command>
        <command>
            <string>fastboot erase spare</string>
            <timeout>60000</timeout>
            <retry>2</retry>
            <description>erase spare partition</description>
        </command>
        <command>
            <string>fastboot erase data</string>
            <timeout>60000</timeout>
            <retry>2</retry>
            <description>erase data partition</description>
        </command>
        <command>
            <string>fastboot oem stop_partitioning</string>
            <timeout>60000</timeout>
            <retry>2</retry>
            <description>Stop partitioning</description>
        </command>
        <command>
            <string>fastboot flash fastboot $fastboot_file</string>
            <timeout>60000</timeout>
            <retry>2</retry>
            <description>Flashing fastboot</description>
        </command>
        <command>
            <string>fastboot flash recovery $recovery_file</string>
            <timeout>60000</timeout>
            <retry>2</retry>
            <description>Flashing recovery</description>
        </command>
        <command>
            <string>fastboot flash splashscreen $logo_file</string>
            <timeout>60000</timeout>
            <retry>2</retry>
            <description>Flashing logo</description>
        </command>
        <command>
            <string>fastboot flash system $system_file</string>
            <timeout>300000</timeout>
            <retry>2</retry>
            <description>Flashing system</description>
        </command>
        <command>
            <string>fastboot flash boot $kernel_file</string>
            <timeout>60000</timeout>
            <retry>2</retry>
            <description>Flashing boot</description>
        </command>
        <command>
            <string>fastboot continue</string>
            <timeout>60000</timeout>
            <retry>2</retry>
            <description>Reboot system</description>
        </command>
</flashfile>
